{"cameraMode":{"drawMode":0,"name":"Shaded","section":"Shading Mode"},"sceneLighting":false,"audioPlay":false,"sceneViewState":{"showFog":true,"showMaterialUpdate":false,"showSkybox":false,"showFlares":true,"showImageEffects":true,"showParticleSystems":true},"in2DMode":false,"pivot":{"x":97.48033142089844,"y":280.412841796875,"z":-60.4132080078125},"rotation":{"x":0.08248870819807053,"y":-0.11137627810239792,"z":0.009599667973816395,"w":0.9903054237365723},"size":1104.3314208984375,"orthographic":false}